event,station,epi_deg,event_time_utc,fc_Hz,t0_utc,t0_offset_sec,fl_Hz,fu_Hz,log10_A2,q0,alpha,sigma,water_level,fit_start,fit_end,success,message,n_resid,ssr,cost,rmse
1971-05-20 17:16:10.013000+00:00__S14,S14,46.0,1971-05-20 17:29:00.023000+00:00,3.0,1971-05-20 17:28:58.621000+00:00,768.607577,2.5,3.5,-7.079374396241012,6.462104959876336,0.7202945088714243,183.05681180053656,1.821118132984682e-11,-20.0,100.0,True,`ftol` termination condition is satisfied.,6360,58.53680033178162,29.26840016589081,0.09593695546157437
1971-05-20 17:16:10.013000+00:00__S14,S14,46.0,1971-05-20 17:29:00.023000+00:00,5.0,1971-05-20 17:29:00.023000+00:00,770.009577,4.5,5.5,-6.857534809850533,7.857861797632801,1.516099625282251,120.97599536045529,1.2901146691439004e-11,-20.0,100.0,True,`ftol` termination condition is satisfied.,6360,67.78310425341452,33.89155212670726,0.10323623779740344
1971-05-20 17:16:10.013000+00:00__S14,S14,46.0,1971-05-20 17:29:00.023000+00:00,6.0,1971-05-20 17:29:03.778000+00:00,773.764577,5.5,6.5,-6.593550313565313,2.3585033839141634,1.527783100309227,117.8000278176813,8.902445138887238e-12,-20.0,100.0,True,`ftol` termination condition is satisfied.,6360,131.55940051517433,65.77970025758717,0.14382433845693357
1971-05-20 17:16:10.013000+00:00__S14,S14,46.0,1971-05-20 17:29:00.023000+00:00,7.0,1971-05-20 17:29:04.337000+00:00,774.323577,6.5,7.5,-6.591203296066316,2.416912160092673,1.4930276244259773,114.59881007110847,8.54828617217834e-12,-20.0,100.0,True,`ftol` termination condition is satisfied.,6360,80.0501959187286,40.0250979593643,0.11218961089268883
1972-01-02 22:20:40.002000+00:00__S15,S15,73.0,1972-01-02 22:33:11.391000+00:00,4.0,1972-01-02 22:33:18.748000+00:00,758.745618,3.5,4.5,-7.034653926405654,6.428568730405537,1.687945492723358,103.36910582096125,6.897775414727683e-11,-20.0,100.0,True,`ftol` termination condition is satisfied.,6360,101.40858187109271,50.704290935546354,0.12627250523061556
1972-01-02 22:20:40.002000+00:00__S15,S15,73.0,1972-01-02 22:33:11.391000+00:00,5.0,1972-01-02 22:33:11.391000+00:00,751.388618,4.5,5.5,-6.0939239820190725,6.117960322773577,0.5595399251394326,94.52864386894427,5.0982053079270796e-11,-20.0,100.0,True,`ftol` termination condition is satisfied.,6360,141.04874733966824,70.52437366983412,0.14892103946992574
1972-01-02 22:20:40.002000+00:00__S15,S15,73.0,1972-01-02 22:33:11.391000+00:00,6.0,1972-01-02 22:33:12.212000+00:00,752.209618,5.5,6.5,-5.83270064900812,1.717711728737602,1.1443515209548554,86.86037963552614,3.2827639462788184e-11,-20.0,100.0,True,`ftol` termination condition is satisfied.,6360,85.36266103542505,42.681330517712524,0.11585250126602849
1972-01-02 22:20:40.002000+00:00__S15,S15,73.0,1972-01-02 22:33:11.391000+00:00,7.0,1972-01-02 22:33:32.467000+00:00,772.464618,6.5,7.5,-7.5644131383920845,6.045459878035994,1.5232478848052668,114.75769809962723,2.335444051094084e-11,-20.0,100.0,True,`ftol` termination condition is satisfied.,6360,98.34402862480968,49.17201431240484,0.12434989980903581
1972-01-02 22:20:40.002000+00:00__S15,S15,73.0,1972-01-02 22:33:11.391000+00:00,8.0,1972-01-02 22:33:06.217000+00:00,746.214618,7.5,8.5,-6.4051321375540144,1.750796788904742,1.0050112105678568,96.51276806430364,1.5675533399126027e-11,-20.0,100.0,True,`ftol` termination condition is satisfied.,6360,87.94687922621833,43.973439613109164,0.11759305108933833
1972-01-02 22:20:40.002000+00:00__S15,S15,73.0,1972-01-02 22:33:11.391000+00:00,9.0,1972-01-02 22:33:19.325000+00:00,759.322618,8.5,9.5,-7.599384000520616,6.047549456159565,1.7187885077228846,103.80333966379949,1.5046259932868883e-11,-20.0,100.0,True,`ftol` termination condition is satisfied.,6360,150.19300265094535,75.09650132547267,0.15367254793600044
1972-12-06 22:59:00.008000+00:00__S14,S14,70.7722405930355,1972-12-06 23:12:43.085000+00:00,3.0,1972-12-06 23:12:35.496000+00:00,815.487845,2.5,3.5,-8.45479126933601,6.007338332945557,0.3856410973069929,275.3185250240386,1.7996323405920884e-11,-20.0,100.0,True,`ftol` termination condition is satisfied.,6360,84.85618647915359,42.428093239576796,0.11550830137008122
1972-12-06 22:59:00.008000+00:00__S14,S14,70.7722405930355,1972-12-06 23:12:43.085000+00:00,4.0,1972-12-06 23:13:13.102000+00:00,853.093845,3.5,4.5,-9.006316485617884,9.85543906793891,0.1875177979251077,484.67523846088847,1.2296213170015955e-11,-20.0,100.0,True,`ftol` termination condition is satisfied.,6360,114.73919502029534,57.36959751014767,0.13431587372313333
1972-12-06 22:59:00.008000+00:00__S14,S14,70.7722405930355,1972-12-06 23:12:43.085000+00:00,5.0,1972-12-06 23:12:43.085000+00:00,823.076845,4.5,5.5,-8.947431166073718,9.123097235600417,0.2324541168698804,374.3618520634417,8.407886331849489e-12,-20.0,100.0,True,`ftol` termination condition is satisfied.,6360,82.76345202280388,41.38172601140194,0.11407506908712926
1972-12-06 22:59:00.008000+00:00__S14,S14,70.7722405930355,1972-12-06 23:12:43.085000+00:00,6.0,1972-12-06 23:12:55.596000+00:00,835.587845,5.5,6.5,-7.817587563721783,2.75347827455803,2.1090640303901993,116.78747237442418,6.413067966259267e-12,-20.0,100.0,True,`ftol` termination condition is satisfied.,6360,73.41758402977263,36.70879201488631,0.10744135743604553
1972-12-06 22:59:00.008000+00:00__S14,S14,70.7722405930355,1972-12-06 23:12:43.085000+00:00,7.0,1972-12-06 23:13:19.317000+00:00,859.308845,6.5,7.5,-9.209756592042703,6.4561933662160085,0.18187159032744904,487.61872294053154,5.636147122235714e-12,-20.0,100.0,True,`ftol` termination condition is satisfied.,6360,137.85713552253387,68.92856776126693,0.14722652695554603
1972-12-06 22:59:00.008000+00:00__S14,S14,70.7722405930355,1972-12-06 23:12:43.085000+00:00,8.0,1972-12-06 23:12:58.476000+00:00,838.467845,7.5,8.5,-8.68857839505746,6.053927838545136,0.6503154297940505,223.25176224455333,4.8721909729243524e-12,-20.0,100.0,True,`ftol` termination condition is satisfied.,6360,79.36418659360112,39.68209329680056,0.11170785867976249
1972-12-06 22:59:00.008000+00:00__S14,S14,70.7722405930355,1972-12-06 23:12:43.085000+00:00,9.0,1972-12-06 23:12:44.266000+00:00,824.257845,8.5,9.5,-8.772818163351236,6.023440311991866,0.38880392240854744,251.63593917985506,5.4319621870688845e-12,-20.0,100.0,True,`ftol` termination condition is satisfied.,6360,70.9027104010331,35.45135520051655,0.10558515476061403
1973-03-13 07:47:00.014000+00:00__S14,S14,88.89,1973-03-13 08:01:35.960000+00:00,3.0,1973-03-13 08:01:32.396000+00:00,872.381835,2.5,3.5,-5.64197173533129,2.3543948179571363,1.3795945039400008,109.1926099586403,1.8491968055799673e-11,-20.0,100.0,True,`xtol` termination condition is satisfied.,6360,189.80422535151376,94.90211267575688,0.1727525156373795
1973-03-13 07:47:00.014000+00:00__S14,S14,88.89,1973-03-13 08:01:35.960000+00:00,4.0,1973-03-13 08:01:32.112000+00:00,872.097835,3.5,4.5,-5.454963880092129,2.0791440476896157,1.2227009133315099,104.45522378522934,1.6122529087205986e-11,-20.0,100.0,True,`ftol` termination condition is satisfied.,6360,125.5643075046857,62.78215375234285,0.14050913011399235
1973-03-13 07:47:00.014000+00:00__S14,S14,88.89,1973-03-13 08:01:35.960000+00:00,5.0,1973-03-13 08:01:35.960000+00:00,875.945835,4.5,5.5,-5.831728855705504,2.4036048057117156,1.2960134091037219,105.90471648942271,1.1801127703074765e-11,-20.0,100.0,True,`ftol` termination condition is satisfied.,6360,146.03054613439053,73.01527306719527,0.15152814159121256
1973-03-13 07:47:00.014000+00:00__S14,S14,88.89,1973-03-13 08:01:35.960000+00:00,6.0,1973-03-13 08:01:36.998000+00:00,876.983835,5.5,6.5,-6.0026959839874205,2.536893317021023,1.3014568751679596,106.16257987263725,7.683913562218272e-12,-20.0,100.0,True,`ftol` termination condition is satisfied.,6360,123.23463506057419,61.617317530287096,0.13919955081332397
1973-03-13 07:47:00.014000+00:00__S14,S14,88.89,1973-03-13 08:01:35.960000+00:00,7.0,1973-03-13 08:01:39.471000+00:00,879.456835,6.5,7.5,-6.2517122324340155,6.308813626893959,1.4318654565499866,104.36689265332014,7.399122071616004e-12,-20.0,100.0,True,`ftol` termination condition is satisfied.,6360,100.68237510095537,50.341187550477684,0.12581956176521886
1973-03-13 07:47:00.014000+00:00__S14,S14,88.89,1973-03-13 08:01:35.960000+00:00,8.0,1973-03-13 08:01:40.412000+00:00,880.397835,7.5,8.5,-7.1678399542457285,6.236072726022017,0.2589016468159722,249.46404775753078,5.15839262307733e-12,-20.0,100.0,True,`ftol` termination condition is satisfied.,6360,80.98679748598587,40.49339874299294,0.11284402150588405
1973-03-13 07:47:00.014000+00:00__S14,S14,88.89,1973-03-13 08:01:35.960000+00:00,9.0,1973-03-13 08:01:45.433000+00:00,885.418835,8.5,9.5,-6.437377560110475,7.0955422914061055,1.532605182711086,105.66759965783835,5.431048773492157e-12,-20.0,100.0,True,`ftol` termination condition is satisfied.,6360,114.42078097106622,57.21039048553311,0.1341293734866776
1973-03-13 07:47:00.013000+00:00__S15,S15,120.0,1973-03-13 08:02:59.984000+00:00,3.0,1973-03-13 08:02:48.371000+00:00,948.357232,2.5,3.5,-7.424578939967394,6.815930809825678,0.32563653269421666,249.15921615003174,2.3197178983097813e-11,-20.0,100.0,True,`ftol` termination condition is satisfied.,6360,125.0729368036339,62.53646840181695,0.1402339334868715
1973-03-13 07:47:00.013000+00:00__S15,S15,120.0,1973-03-13 08:02:59.984000+00:00,4.0,1973-03-13 08:02:46.293000+00:00,946.279232,3.5,4.5,-7.583913533413368,8.197121434952388,0.24053205254439483,266.6911290648549,2.655898873352078e-11,-20.0,100.0,True,`ftol` termination condition is satisfied.,6360,130.16032955396216,65.08016477698108,0.14305754304367235
1973-03-13 07:47:00.013000+00:00__S15,S15,120.0,1973-03-13 08:02:59.984000+00:00,5.0,1973-03-13 08:02:59.984000+00:00,959.970232,4.5,5.5,-7.591148201469366,7.240445999057119,0.2848618397401301,239.92974136495368,1.941083347589113e-11,-20.0,100.0,True,`ftol` termination condition is satisfied.,6360,87.56451926291635,43.782259631458174,0.117337147457293
1973-03-13 07:47:00.013000+00:00__S15,S15,120.0,1973-03-13 08:02:59.984000+00:00,6.0,1973-03-13 08:02:54.290000+00:00,954.276232,5.5,6.5,-7.901187920724928,6.00311760317191,0.3048929332882058,229.1598845749662,1.497593483972327e-11,-20.0,100.0,True,`ftol` termination condition is satisfied.,6360,88.14353167084204,44.07176583542102,0.11772444886341701
1973-03-13 07:47:00.013000+00:00__S15,S15,120.0,1973-03-13 08:02:59.984000+00:00,7.0,1973-03-13 08:03:29.301000+00:00,989.287232,6.5,7.5,-7.979768787051745,6.151579078974022,0.26140751342615376,254.43033891181204,1.2869215463854916e-11,-20.0,100.0,True,`ftol` termination condition is satisfied.,6360,108.96313886504798,54.48156943252399,0.13089143976570186
1973-03-13 07:47:00.013000+00:00__S15,S15,120.0,1973-03-13 08:02:59.984000+00:00,8.0,1973-03-13 08:03:41.845000+00:00,1001.831232,7.5,8.5,-7.389001960198247,3.6433656486956734,1.8379117213120733,104.49896055759544,9.864868123748129e-12,-20.0,100.0,True,`ftol` termination condition is satisfied.,6360,89.05824814412722,44.52912407206361,0.11833371964512672
1973-03-13 07:47:00.013000+00:00__S15,S15,120.0,1973-03-13 08:02:59.984000+00:00,9.0,1973-03-13 08:03:44.365000+00:00,1004.351232,8.5,9.5,-7.3311298512756755,6.005633747676572,1.6115289159922466,100.40126598277492,1.076797719164451e-11,-20.0,100.0,True,`ftol` termination condition is satisfied.,6360,143.1519997803488,71.5759998901744,0.15002725107823772
1973-06-20 20:15:00.023000+00:00__S15,S15,77.0,1973-06-20 20:26:30.417000+00:00,3.0,1973-06-20 20:26:19.314000+00:00,679.290843,2.5,3.5,-7.568241449122733,6.384887354337267,0.268801309228372,275.2474276998922,2.6922055183946382e-11,-20.0,100.0,True,`ftol` termination condition is satisfied.,6360,115.09785354484578,57.54892677242289,0.134525636158246
1973-06-20 20:15:00.023000+00:00__S15,S15,77.0,1973-06-20 20:26:30.417000+00:00,4.0,1973-06-20 20:26:29.250000+00:00,689.226843,3.5,4.5,-7.558313035279148,6.184743313684888,0.2735378172068,278.9750309886601,3.4275383113758926e-11,-20.0,100.0,True,`ftol` termination condition is satisfied.,6360,114.41883969657178,57.20941984828589,0.13412823565562138
1973-06-20 20:15:00.023000+00:00__S15,S15,77.0,1973-06-20 20:26:30.417000+00:00,5.0,1973-06-20 20:26:30.417000+00:00,690.393843,4.5,5.5,-7.416292184734864,6.086865378959555,0.6863032635795031,186.25479005034387,2.7102599062367644e-11,-20.0,100.0,True,`ftol` termination condition is satisfied.,6360,79.67903236137724,39.83951618068862,0.1119292175544657
1973-06-20 20:15:00.023000+00:00__S15,S15,77.0,1973-06-20 20:26:30.417000+00:00,6.0,1973-06-20 20:26:41.383000+00:00,701.359843,5.5,6.5,-7.897075969666391,7.986524038062632,0.27944445033716253,282.86579174493363,2.176727430028861e-11,-20.0,100.0,True,`ftol` termination condition is satisfied.,6360,70.78824510805336,35.39412255402668,0.1054998920295532
1973-06-20 20:15:00.023000+00:00__S15,S15,77.0,1973-06-20 20:26:30.417000+00:00,7.0,1973-06-20 20:26:29.781000+00:00,689.757843,6.5,7.5,-8.067833153952003,7.052535325497604,0.24441379239488364,280.274857337404,2.0878420277672226e-11,-20.0,100.0,True,`ftol` termination condition is satisfied.,6360,81.36260791907426,40.68130395953713,0.11310553868116976
1973-06-20 20:15:00.023000+00:00__S15,S15,77.0,1973-06-20 20:26:30.417000+00:00,8.0,1973-06-20 20:26:40.413000+00:00,700.389843,7.5,8.5,-6.966817538562097,2.417602110210378,1.561666939855114,102.00824322316268,1.57634037335965e-11,-20.0,100.0,True,`ftol` termination condition is satisfied.,6360,80.04202678455053,40.021013392275265,0.1121838862635516
1973-06-20 20:15:00.023000+00:00__S15,S15,77.0,1973-06-20 20:26:30.417000+00:00,9.0,1973-06-20 20:26:36.740000+00:00,696.716843,8.5,9.5,-7.184194295939182,2.5800146587780635,1.8758195278765502,103.08896768890179,1.270718957789227e-11,-20.0,100.0,True,`ftol` termination condition is satisfied.,6360,162.6751417692247,81.33757088461235,0.15993077402250588
1974-07-11 00:37:00.006000+00:00__S14,S14,100.7045769056711,1974-07-11 00:52:15.850000+00:00,3.0,1974-07-11 00:52:04.720000+00:00,904.713755,2.5,3.5,-7.792494341674415,6.515749915029558,0.18305629688656622,354.0285368910088,9.660972836304055e-12,-20.0,100.0,True,`ftol` termination condition is satisfied.,6360,170.74365869934593,85.37182934967296,0.163848976856367
1974-07-11 00:37:00.006000+00:00__S14,S14,100.7045769056711,1974-07-11 00:52:15.850000+00:00,4.0,1974-07-11 00:52:09.374000+00:00,909.367755,3.5,4.5,-7.895834519747274,6.374964670858458,0.1633279850676483,352.7885518871855,7.562901681343305e-12,-20.0,100.0,True,`ftol` termination condition is satisfied.,6360,135.22455014927309,67.61227507463654,0.14581399700160413
1974-07-11 00:37:00.006000+00:00__S14,S14,100.7045769056711,1974-07-11 00:52:15.850000+00:00,5.0,1974-07-11 00:52:15.850000+00:00,915.843755,4.5,5.5,-7.824854429434411,6.493533440801835,0.23877498572245004,277.97611155128135,6.193363759192619e-12,-20.0,100.0,True,`ftol` termination condition is satisfied.,6360,153.592858598357,76.7964292991785,0.15540212525680872
1974-07-11 00:37:00.006000+00:00__S14,S14,100.7045769056711,1974-07-11 00:52:15.850000+00:00,6.0,1974-07-11 00:52:21.222000+00:00,921.215755,5.5,6.5,-7.877383017200555,6.023563614432341,0.30081729960085235,251.80641770677786,5.513065291123099e-12,-20.0,100.0,True,`ftol` termination condition is satisfied.,6360,163.0275263866195,81.51376319330976,0.16010390022051518
1974-07-11 00:37:00.006000+00:00__S14,S14,100.7045769056711,1974-07-11 00:52:15.850000+00:00,7.0,1974-07-11 00:52:28.507000+00:00,928.500755,6.5,7.5,-8.089996314315272,8.09762587137063,0.19551867931997624,305.0957345575971,4.499900314787384e-12,-20.0,100.0,True,`ftol` termination condition is satisfied.,6360,152.43361339869656,76.21680669934828,0.15481456416153042
1974-07-11 00:37:00.006000+00:00__S14,S14,100.7045769056711,1974-07-11 00:52:15.850000+00:00,8.0,1974-07-11 00:52:35.552000+00:00,935.545755,7.5,8.5,-7.948296165592617,7.343549006619437,0.295420629815045,255.5905598430921,4.2615351861576915e-12,-20.0,100.0,True,`ftol` termination condition is satisfied.,6360,109.37783110946498,54.68891555473249,0.13114027675364573
1974-07-11 00:37:00.006000+00:00__S14,S14,100.7045769056711,1974-07-11 00:52:15.850000+00:00,9.0,1974-07-11 00:52:42.221000+00:00,942.214755,8.5,9.5,-7.875525362975843,6.305353813346401,0.36527747212269174,239.44760777290512,4.709707238391493e-12,-20.0,100.0,True,`ftol` termination condition is satisfied.,6360,94.48794345498312,47.24397172749156,0.12188763219809867
1975-01-03 01:32:00.013000+00:00__S15,S15,83.98085268868533,1975-01-03 01:47:03.344000+00:00,3.0,1975-01-03 01:46:41.202000+00:00,881.188039,2.5,3.5,-4.709455684143809,1.8615756933915903,0.8925502649494627,102.02621629795146,3.872792297615959e-11,-20.0,100.0,True,`ftol` termination condition is satisfied.,6360,187.75425833331394,93.87712916665697,0.17181708238948631
1975-01-03 01:32:00.013000+00:00__S15,S15,83.98085268868533,1975-01-03 01:47:03.344000+00:00,4.0,1975-01-03 01:46:55.874000+00:00,895.860039,3.5,4.5,-5.920809199847389,6.297573766877526,0.5225426232193213,160.5135952433135,5.963372753815999e-11,-20.0,100.0,True,`ftol` termination condition is satisfied.,6360,146.38046075086677,73.19023037543339,0.15170957687484693
1975-01-03 01:32:00.013000+00:00__S15,S15,83.98085268868533,1975-01-03 01:47:03.344000+00:00,5.0,1975-01-03 01:47:03.344000+00:00,903.330039,4.5,5.5,-6.215116277785814,6.423166470276462,0.6022703312468205,163.91150818415943,4.649048755448839e-11,-20.0,100.0,True,`ftol` termination condition is satisfied.,6360,146.7404539622588,73.3702269811294,0.15189601186910343
1975-01-03 01:32:00.013000+00:00__S15,S15,83.98085268868533,1975-01-03 01:47:03.344000+00:00,6.0,1975-01-03 01:47:11.353000+00:00,911.339039,5.5,6.5,-6.149079364900027,6.84430090132794,1.4934520411699481,108.0616934780937,3.2613418854644844e-11,-20.0,100.0,True,`ftol` termination condition is satisfied.,6360,165.57750306275216,82.78875153137608,0.16135116545836398
1975-01-03 01:32:00.013000+00:00__S15,S15,83.98085268868533,1975-01-03 01:47:03.344000+00:00,7.0,1975-01-03 01:47:11.055000+00:00,911.041039,6.5,7.5,-6.973860557146063,7.387762502020162,0.3538413875544048,210.39889881192866,2.940849027322435e-11,-20.0,100.0,True,`ftol` termination condition is satisfied.,6360,212.1651230832416,106.0825615416208,0.18264527391167473
1975-01-03 01:32:00.013000+00:00__S15,S15,83.98085268868533,1975-01-03 01:47:03.344000+00:00,8.0,1975-01-03 01:47:23.607000+00:00,923.593039,7.5,8.5,-7.346337998102499,7.182869582109787,0.3235903614773038,251.6600365467276,1.9400905055691503e-11,-20.0,100.0,True,`ftol` termination condition is satisfied.,6360,125.58995265550942,62.79497632775471,0.14052347811597055
1975-01-03 01:32:00.013000+00:00__S15,S15,83.98085268868533,1975-01-03 01:47:03.344000+00:00,9.0,1975-01-03 01:47:33.707000+00:00,933.693039,8.5,9.5,-7.6588949977641025,8.683647304539509,0.2173515459848591,334.9609683844545,1.918324436095756e-11,-20.0,100.0,True,`ftol` termination condition is satisfied.,6360,142.01210123609658,71.00605061804829,0.1494287346370681
1975-01-12 03:04:00.017000+00:00__S14,S14,87.81471502440483,1975-01-12 03:19:09.890000+00:00,3.0,1975-01-12 03:19:03.114000+00:00,903.096021,2.5,3.5,-7.437786751142825,6.690264488043495,1.8818365721427341,105.86553565078277,1.0870764686694581e-11,-20.0,100.0,True,`ftol` termination condition is satisfied.,6360,149.42472919305857,74.71236459652928,0.15327900794185137
1975-01-12 03:04:00.017000+00:00__S14,S14,87.81471502440483,1975-01-12 03:19:09.890000+00:00,4.0,1975-01-12 03:19:11.318000+00:00,911.300021,3.5,4.5,-8.31458109656671,7.915840070845262,0.37878082561136883,259.1443016105165,8.084586262416807e-12,-20.0,100.0,True,`ftol` termination condition is satisfied.,6360,164.15451620227827,82.07725810113914,0.160656336701578
1975-01-12 03:04:00.017000+00:00__S14,S14,87.81471502440483,1975-01-12 03:19:09.890000+00:00,5.0,1975-01-12 03:19:09.890000+00:00,909.872021,4.5,5.5,-8.375296929392487,6.526817297816648,0.3946357371159504,243.29084217960468,6.182506479449586e-12,-20.0,100.0,True,`ftol` termination condition is satisfied.,6360,177.96612186897906,88.98306093448953,0.16727849423487548
1975-01-12 03:04:00.017000+00:00__S14,S14,87.81471502440483,1975-01-12 03:19:09.890000+00:00,6.0,1975-01-12 03:19:22.975000+00:00,922.957021,5.5,6.5,-8.336026532063176,9.210570059232616,0.4518520945199992,230.30306733670176,4.597070931493744e-12,-20.0,100.0,True,`ftol` termination condition is satisfied.,6360,152.24280176590344,76.12140088295172,0.15471763780341624
1975-01-12 03:04:00.017000+00:00__S14,S14,87.81471502440483,1975-01-12 03:19:09.890000+00:00,9.0,1975-01-12 03:19:02.210000+00:00,902.192021,8.5,9.5,-7.777242336510302,4.622263722292452,1.5054413832583473,98.38483973543771,4.842641688681626e-12,-20.0,100.0,True,`ftol` termination condition is satisfied.,6360,161.9689669358386,80.9844834679193,0.1595832657285956
1975-05-07 06:28:05.013000+00:00__S16,S16,64.0,1975-05-07 06:40:33.637000+00:00,4.0,1975-05-07 06:40:43.740000+00:00,758.72623,3.5,4.5,-8.804276244804125,6.016906923806944,0.1824775075239492,445.5528510503615,1.2174827212132203e-11,-20.0,100.0,True,`ftol` termination condition is satisfied.,6360,87.18482264018988,43.59241132009494,0.11708247284103089
1975-05-07 06:28:05.013000+00:00__S16,S16,64.0,1975-05-07 06:40:33.637000+00:00,5.0,1975-05-07 06:40:33.637000+00:00,748.62323,4.5,5.5,-9.029695684533396,8.38816288579143,0.17294312061838413,462.8034436379838,1.3575268391904521e-11,-20.0,100.0,True,`ftol` termination condition is satisfied.,6360,92.76613130435962,46.38306565217981,0.12077197399207872
1975-05-07 06:28:05.013000+00:00__S16,S16,64.0,1975-05-07 06:40:33.637000+00:00,7.0,1975-05-07 06:41:19.470000+00:00,794.45623,6.5,7.5,-8.973265809923332,7.833237507412852,0.19514945082192134,492.6690240630807,1.966199630255765e-11,-20.0,100.0,True,`ftol` termination condition is satisfied.,6360,84.72724364175744,42.36362182087872,0.11542050794535769
1975-05-07 06:28:05.013000+00:00__S16,S16,64.0,1975-05-07 06:40:33.637000+00:00,8.0,1975-05-07 06:41:42.861000+00:00,817.84723,7.5,8.5,-7.54010118267987,6.865175956280087,1.6103679231762924,106.55532042457355,2.579261350538937e-11,-20.0,100.0,True,`ftol` termination condition is satisfied.,6360,77.06532808977522,38.53266404488761,0.11007810841044881
1975-11-10 07:46:00.004000+00:00__S16,S16,48.0,1975-11-10 07:55:39.439000+00:00,3.0,1975-11-10 07:55:34.040000+00:00,574.035948,2.5,3.5,-7.2287869221440255,6.2398241066236855,0.5976125326154016,158.40034401607068,6.903637905475382e-11,-20.0,100.0,True,`ftol` termination condition is satisfied.,6360,90.5087797464491,45.25438987322455,0.11929350448245635
1975-11-10 07:46:00.004000+00:00__S16,S16,48.0,1975-11-10 07:55:39.439000+00:00,4.0,1975-11-10 07:55:40.974000+00:00,580.969948,3.5,4.5,-6.849502204185419,6.4487626588143545,1.812876835119161,104.20457810659109,4.9608156292745577e-11,-20.0,100.0,True,`ftol` termination condition is satisfied.,6360,186.6682197678823,93.33410988394115,0.17131943561694127
1975-11-10 07:46:00.004000+00:00__S16,S16,48.0,1975-11-10 07:55:39.439000+00:00,5.0,1975-11-10 07:55:39.439000+00:00,579.434948,4.5,5.5,-7.706556092764362,9.169728723467621,0.2663592896034393,272.3915192666627,4.148935183481222e-11,-20.0,100.0,True,`ftol` termination condition is satisfied.,6360,96.11998662800653,48.059993314003265,0.1229357777242049
1975-11-10 07:46:00.004000+00:00__S16,S16,48.0,1975-11-10 07:55:39.439000+00:00,6.0,1975-11-10 07:55:50.583000+00:00,590.578948,5.5,6.5,-7.493223881792528,6.692321613710934,0.5728180322782098,200.63187054902565,2.8560868337835167e-11,-20.0,100.0,True,`ftol` termination condition is satisfied.,6360,63.42869135038991,31.714345675194956,0.09986523257738032
1975-11-10 07:46:00.004000+00:00__S16,S16,48.0,1975-11-10 07:55:39.439000+00:00,7.0,1975-11-10 07:56:43.994000+00:00,643.989948,6.5,7.5,-8.055480059560763,8.719105568243888,0.2075971910804271,414.61010705279176,6.655527299757933e-11,-20.0,100.0,True,`ftol` termination condition is satisfied.,6360,120.04860652702853,60.02430326351426,0.13738838038203302
1975-11-10 07:46:00.004000+00:00__S16,S16,48.0,1975-11-10 07:55:39.439000+00:00,8.0,1975-11-10 07:55:54.159000+00:00,594.154948,7.5,8.5,-7.422529581787774,6.636491457495408,0.8041332191531466,158.27003586840598,2.820221091667188e-11,-20.0,100.0,True,`ftol` termination condition is satisfied.,6360,138.08834220963948,69.04417110481974,0.14734993550077202
1975-11-10 07:46:00.004000+00:00__S16,S16,48.0,1975-11-10 07:55:39.439000+00:00,9.0,1975-11-10 07:55:52.605000+00:00,592.600948,8.5,9.5,-7.793711426970148,6.001339134288667,0.26664102126075007,247.707754839638,1.7961462909851223e-11,-20.0,100.0,True,`ftol` termination condition is satisfied.,6360,130.01311864829194,65.00655932414597,0.14297662135075123
1976-01-04 11:09:00.035000+00:00__S16,S16,55.66406509366376,1976-01-04 11:22:14.578000+00:00,3.0,1976-01-04 11:22:09.763000+00:00,789.727007,2.5,3.5,-7.052421822266326,6.31109203375278,2.269746324103383,106.56992940589481,2.6653816288695713e-11,-20.0,100.0,True,`ftol` termination condition is satisfied.,6360,60.52044503153751,30.260222515768756,0.09754892743619706
1976-01-04 11:09:00.035000+00:00__S16,S16,55.66406509366376,1976-01-04 11:22:14.578000+00:00,4.0,1976-01-04 11:22:10.510000+00:00,790.474007,3.5,4.5,-6.946067405747877,6.768839457474437,1.9456696350749285,104.458110252782,1.1821211726827328e-11,-20.0,100.0,True,`ftol` termination condition is satisfied.,6360,80.02761944249514,40.01380972124757,0.11217378941552637
1976-01-04 11:09:00.035000+00:00__S16,S16,55.66406509366376,1976-01-04 11:22:14.578000+00:00,5.0,1976-01-04 11:22:14.578000+00:00,794.542007,4.5,5.5,-7.215828070981776,6.037522715903021,1.6338735012596488,124.16556146761245,1.1620988243785178e-11,-20.0,100.0,True,`ftol` termination condition is satisfied.,6360,74.60135043549384,37.30067521774692,0.1083040723198001
1976-01-04 11:09:00.035000+00:00__S16,S16,55.66406509366376,1976-01-04 11:22:14.578000+00:00,6.0,1976-01-04 11:22:23.287000+00:00,803.251007,5.5,6.5,-7.827520727603833,6.031819053675782,0.458872907260908,239.24297655646842,1.2720485236804892e-11,-20.0,100.0,True,`ftol` termination condition is satisfied.,6360,78.14097681207988,39.07048840603994,0.11084366066139097
1976-01-04 11:09:00.035000+00:00__S16,S16,55.66406509366376,1976-01-04 11:22:14.578000+00:00,7.0,1976-01-04 11:22:19.732000+00:00,799.696007,6.5,7.5,-7.434144851681075,6.419370079996901,1.4198710966669277,133.32544804285533,2.4365701085272565e-11,-20.0,100.0,True,`ftol` termination condition is satisfied.,6360,73.47921762577906,36.73960881288953,0.10748644614407084
1976-01-04 11:09:00.035000+00:00__S16,S16,55.66406509366376,1976-01-04 11:22:14.578000+00:00,8.0,1976-01-04 11:22:14.197000+00:00,794.161007,7.5,8.5,-8.096302975711508,7.063782599813767,0.3107385920824598,265.7667159336144,1.8474895471502394e-11,-20.0,100.0,True,`ftol` termination condition is satisfied.,6360,94.13798515309216,47.06899257654608,0.12166170306478763
1976-01-04 11:09:00.035000+00:00__S16,S16,55.66406509366376,1976-01-04 11:22:14.578000+00:00,9.0,1976-01-04 11:22:28.685000+00:00,808.649007,8.5,9.5,-8.059292348575557,7.5875387155293135,0.44868599958510114,232.77702072866475,1.4563148145136377e-11,-20.0,100.0,True,`ftol` termination condition is satisfied.,6360,98.33463793173931,49.167318965869654,0.1243439626940109
1976-03-06 10:03:00.015000+00:00__S15,S15,34.36925412541498,1976-03-06 10:14:28.251000+00:00,3.0,1976-03-06 10:14:28.214000+00:00,688.198893,2.5,3.5,-6.1295639651361205,2.8437921069793974,1.4487917453837444,114.16756155175742,2.0247588819986388e-11,-20.0,100.0,True,`ftol` termination condition is satisfied.,6360,128.90820469236792,64.45410234618396,0.14236778302500208
1976-03-06 10:03:00.015000+00:00__S15,S15,34.36925412541498,1976-03-06 10:14:28.251000+00:00,4.0,1976-03-06 10:14:29.119000+00:00,689.103893,3.5,4.5,-5.8554100822251725,2.543682446551341,1.335491800677991,108.41107827143064,1.5943112158819536e-11,-20.0,100.0,True,`ftol` termination condition is satisfied.,6360,115.6958428975251,57.84792144876255,0.13487464649409267
1976-03-06 10:03:00.015000+00:00__S15,S15,34.36925412541498,1976-03-06 10:14:28.251000+00:00,5.0,1976-03-06 10:14:28.251000+00:00,688.235893,4.5,5.5,-6.210804065986378,6.70721216821072,0.8122012265780008,137.39636095080982,1.3434488593227643e-11,-20.0,100.0,True,`ftol` termination condition is satisfied.,6360,109.48673689934148,54.74336844967074,0.13120554766811565
1976-03-06 10:03:00.015000+00:00__S15,S15,34.36925412541498,1976-03-06 10:14:28.251000+00:00,6.0,1976-03-06 10:14:30.976000+00:00,690.960893,5.5,6.5,-6.222294122924282,8.541394861747293,0.9816476482459832,123.05062433178813,8.084875163517473e-12,-20.0,100.0,True,`ftol` termination condition is satisfied.,6360,108.65133922699958,54.32566961349979,0.13070403170375536
1976-03-06 10:03:00.015000+00:00__S15,S15,34.36925412541498,1976-03-06 10:14:28.251000+00:00,7.0,1976-03-06 10:14:34.191000+00:00,694.175893,6.5,7.5,-6.142578755245775,2.8985374346751334,1.276308311629589,106.57171532315304,9.492775424253812e-12,-20.0,100.0,True,`ftol` termination condition is satisfied.,6360,105.9263484152223,52.96317420761115,0.1290545862370204
1976-03-06 10:03:00.015000+00:00__S15,S15,34.36925412541498,1976-03-06 10:14:28.251000+00:00,8.0,1976-03-06 10:14:37.575000+00:00,697.559893,7.5,8.5,-5.769106305058949,2.1374147020850116,1.259982363063753,101.65679818734395,6.206080319120027e-12,-20.0,100.0,True,`ftol` termination condition is satisfied.,6360,65.80693460543748,32.90346730271874,0.1017202157707721
1976-03-06 10:03:00.015000+00:00__S15,S15,34.36925412541498,1976-03-06 10:14:28.251000+00:00,9.0,1976-03-06 10:14:37.678000+00:00,697.662893,8.5,9.5,-6.741109544100687,6.064035151601619,0.49675595135456546,174.7257331795781,5.532407252584247e-12,-20.0,100.0,True,`ftol` termination condition is satisfied.,6360,107.67372307418938,53.83686153709469,0.13011468276886493
1976-03-06 10:03:00.009000+00:00__S14,S14,56.58004741455963,1976-03-06 10:15:48.794000+00:00,3.0,1976-03-06 10:15:45.412000+00:00,765.402308,2.5,3.5,-5.29126242492555,1.966672491135131,1.2200260885055967,101.89853367153248,1.18537848814958e-11,-20.0,100.0,True,`ftol` termination condition is satisfied.,6360,123.57905034677302,61.78952517338651,0.13939393205415282
1976-03-06 10:03:00.009000+00:00__S14,S14,56.58004741455963,1976-03-06 10:15:48.794000+00:00,4.0,1976-03-06 10:15:48.686000+00:00,768.676308,3.5,4.5,-5.717679957575325,2.269593811259283,1.302353630694297,105.42412843972075,7.632803744297971e-12,-20.0,100.0,True,`ftol` termination condition is satisfied.,6360,80.70337607063874,40.35168803531937,0.11264639396802635
1976-03-06 10:03:00.009000+00:00__S14,S14,56.58004741455963,1976-03-06 10:15:48.794000+00:00,5.0,1976-03-06 10:15:48.794000+00:00,768.784308,4.5,5.5,-5.569482149211543,2.068791435475218,1.2768821590908128,103.56583316756857,6.076608852367474e-12,-20.0,100.0,True,`ftol` termination condition is satisfied.,6360,119.54905816703928,59.77452908351964,0.13710223092414378
1976-03-06 10:03:00.009000+00:00__S14,S14,56.58004741455963,1976-03-06 10:15:48.794000+00:00,6.0,1976-03-06 10:15:51.146000+00:00,771.136308,5.5,6.5,-5.8091002932933185,2.2144187602224075,1.3117872538176747,105.85137516780473,5.441013128671385e-12,-20.0,100.0,True,`ftol` termination condition is satisfied.,6360,101.47900531050227,50.73950265525114,0.12631634274727688
1976-03-06 10:03:00.009000+00:00__S14,S14,56.58004741455963,1976-03-06 10:15:48.794000+00:00,7.0,1976-03-06 10:15:54.543000+00:00,774.533308,6.5,7.5,-5.883974474206165,2.1532841491994925,1.3485459201916852,104.96887614412991,5.277453461422405e-12,-20.0,100.0,True,`ftol` termination condition is satisfied.,6360,101.97984815236886,50.98992407618443,0.12662767201348546
1976-03-06 10:03:00.009000+00:00__S14,S14,56.58004741455963,1976-03-06 10:15:48.794000+00:00,8.0,1976-03-06 10:15:53.518000+00:00,773.508308,7.5,8.5,-6.0483856441336386,2.32690274517696,1.310458998918245,104.21077199118972,4.004669253341343e-12,-20.0,100.0,True,`ftol` termination condition is satisfied.,6360,45.96991683553054,22.98495841776527,0.08501749434798231
1976-03-06 10:03:00.009000+00:00__S14,S14,56.58004741455963,1976-03-06 10:15:48.794000+00:00,9.0,1976-03-06 10:15:56.701000+00:00,776.691308,8.5,9.5,-6.113403576210527,2.3651756134382738,1.3489461935402507,106.2906095612719,4.264539527062673e-12,-20.0,100.0,True,`ftol` termination condition is satisfied.,6360,86.37962715975178,43.18981357987589,0.11654056110903521
1976-03-08 14:33:00.011000+00:00__S15,S15,47.9333826510861,1976-03-08 14:45:13.651000+00:00,3.0,1976-03-08 14:45:07.889000+00:00,727.877085,2.5,3.5,-7.1344342092602275,6.041788567054347,1.6067313436414008,133.12451290128448,2.6939873496059658e-11,-20.0,100.0,True,`ftol` termination condition is satisfied.,6360,79.30043118640076,39.65021559320038,0.1116629806861853
1976-03-08 14:33:00.011000+00:00__S15,S15,47.9333826510861,1976-03-08 14:45:13.651000+00:00,4.0,1976-03-08 14:45:15.975000+00:00,735.963085,3.5,4.5,-7.629275463950051,7.419528468632565,0.3744299599818083,268.7711921883504,3.581761221437394e-11,-20.0,100.0,True,`ftol` termination condition is satisfied.,6360,183.611512704859,91.8057563524295,0.16991096110028292
1976-03-08 14:33:00.011000+00:00__S15,S15,47.9333826510861,1976-03-08 14:45:13.651000+00:00,5.0,1976-03-08 14:45:13.651000+00:00,733.639085,4.5,5.5,-7.0296840097566715,6.367603274508757,1.4071292013793533,124.79434846932773,1.9315029410607675e-11,-20.0,100.0,True,`ftol` termination condition is satisfied.,6360,91.93573175240977,45.96786587620488,0.12023021140568466
1976-03-08 14:33:00.011000+00:00__S15,S15,47.9333826510861,1976-03-08 14:45:13.651000+00:00,6.0,1976-03-08 14:45:13.083000+00:00,733.071085,5.5,6.5,-7.229689713035285,6.925123006070263,1.214108560238424,130.72522685811538,1.0732957704903762e-11,-20.0,100.0,True,`ftol` termination condition is satisfied.,6360,128.0474901695128,64.0237450847564,0.1418916952161297
1976-03-08 14:33:00.011000+00:00__S15,S15,47.9333826510861,1976-03-08 14:45:13.651000+00:00,7.0,1976-03-08 14:45:16.649000+00:00,736.637085,6.5,7.5,-8.028920926083915,7.0681429390585935,0.21584607734882671,311.90010846766114,1.3359054223781505e-11,-20.0,100.0,True,`ftol` termination condition is satisfied.,6360,89.20511316531608,44.60255658265804,0.1184312508990558
1976-03-08 14:33:00.011000+00:00__S15,S15,47.9333826510861,1976-03-08 14:45:13.651000+00:00,8.0,1976-03-08 14:45:23.974000+00:00,743.962085,7.5,8.5,-7.896468128396221,8.817351571319428,0.3052654565703293,254.71890762888478,8.270359699011127e-12,-20.0,100.0,True,`ftol` termination condition is satisfied.,6360,96.01231238826868,48.00615619413434,0.12286690169751432
1976-03-08 14:33:00.011000+00:00__S15,S15,47.9333826510861,1976-03-08 14:45:13.651000+00:00,9.0,1976-03-08 14:45:17.083000+00:00,737.071085,8.5,9.5,-7.888471890209732,6.620841893583137,0.32689162891004375,234.47437075308238,6.8801827913070994e-12,-20.0,100.0,True,`ftol` termination condition is satisfied.,6360,108.14120384632798,54.07060192316399,0.1303968325462773
